{"cameraMode":{"drawMode":0,"name":"Shaded","section":"Shading Mode"},"sceneLighting":false,"audioPlay":false,"sceneViewState":{"showFog":true,"showMaterialUpdate":false,"showSkybox":true,"showFlares":true,"showImageEffects":true,"showParticleSystems":true},"in2DMode":false,"pivot":{"x":0.008312415331602097,"y":-0.22751212120056153,"z":0.8769218325614929},"rotation":{"x":0.09237173944711685,"y":0.5238218903541565,"z":-0.05727104842662811,"w":0.8448657393455505},"size":3.277966260910034,"orthographic":false}