{"cameraMode":{"drawMode":0,"name":"Shaded","section":"Shading Mode"},"sceneLighting":false,"audioPlay":false,"sceneViewState":{"showFog":true,"showMaterialUpdate":false,"showSkybox":true,"showFlares":true,"showImageEffects":true,"showParticleSystems":true},"in2DMode":false,"pivot":{"x":0.0,"y":1.6096999645233155,"z":-0.13300000131130219},"rotation":{"x":-0.3499773144721985,"y":-0.17006421089172364,"z":0.06477072834968567,"w":-0.9189118146896362},"size":16.135581970214845,"orthographic":false}