{"cameraMode":{"drawMode":0,"name":"Shaded","section":"Shading Mode"},"sceneLighting":false,"audioPlay":false,"sceneViewState":{"showFog":true,"showMaterialUpdate":false,"showSkybox":true,"showFlares":true,"showImageEffects":true,"showParticleSystems":true},"in2DMode":false,"pivot":{"x":-7.157217979431152,"y":-0.8785045146942139,"z":-1.0482244491577149},"rotation":{"x":-0.07808510214090347,"y":0.47236716747283938,"z":-0.04206164553761482,"w":-0.8769280314445496},"size":9.895240783691407,"orthographic":false}