{"cameraMode":{"drawMode":0,"name":"Shaded","section":"Shading Mode"},"sceneLighting":false,"audioPlay":false,"sceneViewState":{"showFog":true,"showMaterialUpdate":false,"showSkybox":true,"showFlares":true,"showImageEffects":true,"showParticleSystems":true},"in2DMode":false,"pivot":{"x":-7.840388774871826,"y":155.0062255859375,"z":-6.164551258087158},"rotation":{"x":0.29749011993408205,"y":-0.3115899860858917,"z":0.10339575260877609,"w":0.8965047001838684},"size":3.325446844100952,"orthographic":false}