{"cameraMode":{"drawMode":0,"name":"Shaded","section":"Shading Mode"},"sceneLighting":false,"audioPlay":false,"sceneViewState":{"showFog":true,"showMaterialUpdate":false,"showSkybox":true,"showFlares":true,"showImageEffects":true,"showParticleSystems":true},"in2DMode":false,"pivot":{"x":-7.840388774871826,"y":155.0062255859375,"z":-6.164551258087158},"rotation":{"x":0.2413911074399948,"y":0.027652647346258165,"z":-0.006881594657897949,"w":0.970009446144104},"size":3.325446844100952,"orthographic":false}